"Package","Version"
"abind","1.4-5"
"ade4","1.7-22"
"adegenet","2.1.10"
"afex","1.3-0"
"AlphaSimR","1.3.4"
"annotate","1.76.0"
"AnnotationDbi","1.60.0"
"AnnotationHub","3.6.0"
"apcluster","1.4.13"
"ape","5.8"
"aPEAR","1.0"
"apeglm","1.23.1"
"aplot","0.2.2"
"arrow","10.0.1"
"arules","1.7-10"
"ashr","2.2-63"
"AsioHeaders","1.22.1-2"
"askpass","1.1"
"assertthat","0.2.1"
"assorthead","1.3.2"
"AUCell","1.20.1"
"babelgene","22.9"
"backports","1.4.1"
"base","4.2.0"
"base64enc","0.1-3"
"batchelor","1.14.1"
"bayesbio","1.0.0"
"BayesFactor","0.9.12-4.7"
"bayesplot","1.11.1"
"BayesPrism","2.2.2"
"bayestestR","0.13.1"
"BBmisc","1.13"
"bbmle","1.0.25"
"bdsmatrix","1.3-6"
"beachmat","2.14.2"
"beanplot","1.3.1"
"beeswarm","0.4.0"
"BGLR","1.1.0"
"BH","1.81.0-1"
"bibtex","0.5.1"
"biganalytics","1.1.22"
"bigassertr","0.1.6"
"biglm","0.9-2.1"
"bigmemory","4.6.1"
"bigmemory.sri","0.1.6"
"bigparallelr","0.3.2"
"bigreadr","0.2.5"
"bigstatsr","1.5.12"
"Biobase","2.58.0"
"BiocFileCache","2.6.1"
"BiocGenerics","0.44.0"
"BiocIO","1.8.0"
"BiocManager","1.30.21"
"BiocNeighbors","1.16.0"
"BiocParallel","1.32.6"
"BiocSingular","1.14.0"
"BiocVersion","3.16.0"
"biocViews","1.66.3"
"biomaRt","2.54.1"
"Biostrings","2.66.0"
"BisqueRNA","1.0.5"
"bit","4.0.5"
"bit64","4.0.5"
"bitops","1.0-7"
"blob","1.2.4"
"blupADC","1.0.7"
"bluster","1.8.0"
"boot","1.3-28.1"
"brew","1.0-7"
"bridgesampling","1.1-2"
"brio","1.1.3"
"brms","2.22.0"
"brnn","0.9.2"
"Brobdingnag","1.2-9"
"broom","1.0.4"
"broom.helpers","1.15.0"
"bslib","0.4.2"
"BWGS","0.2.1"
"BWStest","0.2.3"
"ca","0.71.1"
"cachem","1.0.6"
"Cairo","1.5-15"
"calibrate","1.7.7"
"callr","3.7.3"
"car","3.1-1"
"carData","3.0-5"
"caret","7.0-1"
"caTools","1.18.2"
"ccaPP","0.3.3"
"CellChat","1.6.1"
"celldex","1.11.1"
"cellranger","1.1.0"
"checkmate","2.2.0"
"circlize","0.4.15"
"class","7.3-22"
"classInt","0.4-9"
"cli","3.6.3"
"clipr","0.8.0"
"clock","0.6.1"
"clue","0.3-64"
"cluster","2.1.4"
"clusterGeneration","1.3.8"
"clusterProfiler","4.6.2"
"clustree","0.5.0"
"CMplot","4.5.1"
"coda","0.19-4"
"codetools","0.2-19"
"collections","0.3.7"
"colorblindcheck","1.0.2"
"colorRamp2","0.1.0"
"colorspace","2.1-1"
"cols4all","0.7-1"
"combinat","0.0-8"
"commonmark","1.9.1"
"compiler","4.2.0"
"ComplexHeatmap","2.15.4"
"confintr","0.2.0"
"conflicted","1.2.0"
"contfrac","1.1-12"
"corpcor","1.6.10"
"correlation","0.8.4"
"corrplot","0.92"
"COSG","0.9.0"
"cowplot","1.1.1"
"cpp11","0.4.3"
"crayon","1.5.3"
"credentials","1.3.2"
"crosstalk","1.2.0"
"crul","1.4.0"
"cubature","2.1.1"
"curl","4.3.2"
"cyclocomp","1.1.0"
"CytoTRACE","0.3.3"
"CytoTRACE2","1.0.0"
"data.table","1.14.8"
"datasets","4.2.0"
"datawizard","0.9.1"
"DBI","1.1.3"
"dbplyr","2.1.1"
"dbscan","1.1-12"
"DDRTree","0.1.5"
"decontX","0.99.3"
"DelayedArray","0.24.0"
"DelayedMatrixStats","1.20.0"
"deldir","1.0-9"
"dendextend","1.17.1"
"DEoptim","2.2-8"
"DEoptimR","1.0-14"
"desc","1.4.2"
"DESeq2","1.38.3"
"deSolve","1.40"
"devtools","2.4.5"
"diagram","1.6.5"
"DiagrammeR","1.0.11"
"DiceKriging","1.6.0"
"dichromat","2.0-0.1"
"diffobj","0.3.5"
"digest","0.6.37"
"dior","0.1.5"
"diptest","0.77-0"
"disordR","0.9-8.2"
"distributional","0.4.0"
"DMwR2","0.0.2"
"docopt","0.7.1"
"doFuture","1.0.0"
"doParallel","1.0.17"
"DOSE","3.24.2"
"dotCall64","1.1-1"
"DoubletFinder","2.0.4"
"downlit","0.4.2"
"downloader","0.4"
"dplyr","1.1.4"
"dqrng","0.3.0"
"DT","0.29"
"dtplyr","1.3.0"
"dynamicTreeCut","1.63-1"
"e1071","1.7-13"
"edgeR","3.40.2"
"effectsize","0.8.6"
"egg","0.4.5"
"ellipsis","0.3.2"
"elliptic","1.4-0"
"emdbook","1.3.13"
"emmeans","1.8.8"
"EMMREML","3.1"
"emoa","0.5-2"
"EnrichmentBrowser","2.28.2"
"enrichplot","1.18.4"
"enrichR","3.2"
"EnvStats","2.7.0"
"EpiDISH","2.14.1"
"estimability","1.4.1"
"etrunct","0.1"
"evaluate","0.20"
"ExperimentHub","2.6.0"
"expm","0.999-7"
"extrafont","0.19"
"extrafontdb","1.0"
"factoextra","1.0.7"
"FactoMineR","2.10"
"fansi","1.0.3"
"farver","2.1.1"
"fastcluster","1.2.3"
"fastDummies","1.7.3"
"fastICA","1.2-3"
"fastmap","1.1.0"
"fastmatch","1.1-4"
"fdrtool","1.2.17"
"feather","0.3.5"
"ff","4.0.12"
"fgsea","1.24.0"
"fields","16.2"
"filelock","1.0.2"
"fit.models","0.64"
"fitdistrplus","1.1-11"
"flashClust","1.01-2"
"flock","0.7"
"FNN","1.1.3.2"
"fontawesome","0.5.1"
"fontBitstreamVera","0.1.1"
"fontLiberation","0.1.0"
"fontquiver","0.2.1"
"forcats","1.0.0"
"foreach","1.5.2"
"foreign","0.8-84"
"formatR","1.14"
"Formula","1.2-5"
"fs","1.5.2"
"furrr","0.3.1"
"futile.logger","1.4.3"
"futile.options","1.0.1"
"future","1.34.0"
"future.apply","1.11.2"
"gameofthrones","1.0.2"
"gargle","1.3.0"
"gaston","1.5.9"
"gatepoints","0.1.5"
"gclus","1.3.2"
"gdata","2.18.0.1"
"gdtools","0.3.3"
"genefilter","1.80.3"
"GeneOverlap","1.34.0"
"geneplotter","1.76.0"
"generics","0.1.3"
"genetics","1.3.8.1.3"
"GENIE3","1.20.0"
"GenomeInfoDb","1.34.9"
"GenomeInfoDbData","1.2.9"
"GenomicAlignments","1.34.1"
"GenomicRanges","1.50.0"
"geometry","0.5.2"
"gert","1.6.0"
"getopt","1.20.3"
"GetoptLong","1.0.5"
"gfonts","0.2.0"
"ggalluvial","0.12.5"
"GGally","2.2.1"
"ggbeeswarm","0.7.2"
"ggcorrplot","0.1.4.1"
"ggdendro","0.2.0"
"ggforce","0.4.1"
"ggfun","0.1.3"
"ggnetwork","0.5.12"
"ggnewscale","0.4.9"
"ggplot2","3.4.4"
"ggplotify","0.1.2"
"ggpmisc","0.5.2"
"ggpp","0.5.1"
"ggprism","1.0.5"
"ggpubr","0.6.0"
"ggraph","2.1.0"
"ggrastr","1.0.2"
"ggrepel","0.9.5"
"ggridges","0.5.6"
"ggsci","2.9"
"ggside","0.2.3"
"ggsignif","0.6.4"
"ggstats","0.6.0"
"ggstatsplot","0.12.2"
"ggtext","0.1.2"
"ggthemes","4.2.4"
"ggtree","3.6.2"
"ggvenn","0.1.10"
"ggwordcloud","0.6.2"
"gh","1.3.0"
"GHap","3.0.0"
"gitcreds","0.1.2"
"glmnet","4.1-6"
"GlobalOptions","0.1.2"
"globals","0.16.3"
"glue","1.7.0"
"gmodels","2.19.1"
"gmp","0.7-4"
"GO.db","3.16.0"
"goftest","1.2-3"
"googledrive","2.0.0"
"googlesheets4","1.0.1"
"GOSemSim","2.24.0"
"gower","1.0.1"
"gplots","3.1.3"
"graph","1.76.0"
"graphics","4.2.0"
"graphite","1.44.0"
"graphlayouts","1.0.0"
"grDevices","4.2.0"
"grid","4.2.0"
"gridBase","0.4-7"
"gridExtra","2.3"
"gridGraphics","0.5-1"
"gridtext","0.1.5"
"grImport2","0.3-1"
"grr","0.9.5"
"GSEABase","1.60.0"
"gson","0.1.0"
"GSVA","1.49.5"
"gtable","0.3.1"
"gtools","3.9.4"
"HaploBlocker","1.7.01"
"hardhat","1.2.0"
"harmony","0.1.1"
"harrypotter","2.1.1"
"haven","2.5.2"
"HDF5Array","1.26.0"
"hdf5r","1.3.10"
"HDO.db","0.99.1"
"hdWGCNA","0.2.19"
"here","1.0.1"
"hexbin","1.28.3"
"hibayes","2.0.0"
"HiClimR","2.2.1"
"highr","0.10"
"Hmisc","5.1-0"
"hms","1.1.2"
"homologene","1.4.68.19.3.27"
"hrbrthemes","0.8.0"
"HSMMSingleCell","1.18.0"
"htmlTable","2.4.1"
"htmltools","0.5.4"
"htmlwidgets","1.6.2"
"httpcode","0.3.0"
"httpuv","1.6.11"
"httr","1.4.5"
"httr2","0.2.3"
"hwriter","1.3.2.1"
"hypergeo","1.2-13"
"ica","1.0-3"
"ids","1.0.1"
"igraph","1.5.0"
"impute","1.72.0"
"ini","0.3.1"
"inline","0.3.19"
"insight","0.19.8"
"interactiveDisplayBase","1.36.0"
"interp","1.1-4"
"invgamma","1.2"
"iotools","0.3-5"
"ipred","0.9-13"
"IRanges","2.32.0"
"irlba","2.3.5.1"
"isoband","0.2.7"
"iterators","1.0.14"
"janitor","2.2.0"
"jcolors","0.0.4"
"jpeg","0.1-10"
"jquerylib","0.1.4"
"jsonlite","1.8.4"
"kableExtra","1.4.0"
"KAML","1.4.0"
"KEGGgraph","1.58.3"
"KEGGREST","1.38.0"
"kernlab","0.9-32"
"KernSmooth","2.23-21"
"knitr","1.41"
"ks","1.14.2"
"kSamples","1.2-10"
"labeling","0.4.2"
"labelled","2.13.0"
"lambda.r","1.2.4"
"languageserver","0.3.15"
"later","1.3.1"
"lattice","0.22-6"
"latticeExtra","0.6-30"
"lava","1.7.1"
"lazyeval","0.2.2"
"LDheatmap","1.0-6"
"leaps","3.1"
"leiden","0.4.3"
"leidenAlg","1.1.2"
"leidenbase","0.1.23"
"lhs","1.1.6"
"lifecycle","1.0.4"
"liger","2.0.1"
"limma","3.54.2"
"limSolve","1.5.7.1"
"linprog","0.9-4"
"lintr","3.0.2"
"listenv","0.9.1"
"lme4","1.1-31"
"lmerTest","3.1-3"
"lmodel2","1.7-3"
"lmtest","0.9-40"
"locfdr","1.1-8"
"locfit","1.5-9.8"
"logging","0.10-108"
"loo","2.8.0"
"LoomExperiment","1.16.0"
"loomR","0.2.1.9000"
"lpSolve","5.6.18"
"lsa","0.73.3"
"lsei","1.3-0"
"lubridate","1.9.2"
"magic","1.6-1"
"magrittr","2.0.3"
"manipulateWidget","0.11.1"
"mapproj","1.2.11"
"maps","3.4.1"
"maptools","1.1-6"
"markdown","1.12"
"mashr","0.2.79"
"MASS","7.3-58.1"
"mathjaxr","1.6-0"
"Matrix","1.5-4.1"
"Matrix.utils","0.9.8"
"matrixcalc","1.0-6"
"MatrixGenerics","1.10.0"
"MatrixModels","0.5-1"
"matrixStats","1.0.0"
"MCL","1.0"
"mclust","6.1"
"mcmc","0.9-8"
"MCMCglmm","2.36"
"MCMCpack","1.7-0"
"MCMCprecision","0.4.0"
"memoise","2.0.1"
"memuse","4.2-3"
"MetaNeighbor","1.18.0"
"metapod","1.6.0"
"methods","4.2.0"
"mgcv","1.8-41"
"mime","0.12"
"MIND","0.3.3"
"miniUI","0.1.1.1"
"minqa","1.2.5"
"mixsqp","0.3-54"
"mixtools","2.0.0"
"mlr","2.19.1"
"mlrMBO","1.1.5.1"
"mnormt","2.1.1"
"ModelMetrics","1.2.2.2"
"modelr","0.1.10"
"monocle","2.26.0"
"monocle3","1.3.1"
"mpoly","1.1.1"
"msigdbr","7.5.1"
"multcompView","0.1-9"
"multicool","1.0.1"
"multimode","1.5"
"multtest","2.54.0"
"munsell","0.5.0"
"muRty","0.3.1"
"MuSiC","1.0.0"
"mvtnorm","1.2-2"
"ncdf4","1.23"
"NCmisc","1.2.0"
"Nebulosa","1.8.0"
"network","1.18.1"
"networkD3","0.4"
"nichenetr","2.1.0"
"nleqslv","3.3.5"
"nlme","3.1-161"
"nloptr","2.0.3"
"NMF","0.30.4.900"
"nnet","7.3-18"
"NNLM","0.4.4"
"nnls","1.5"
"nortest","1.0-4"
"npsurv","0.5-0"
"numbers","0.8-5"
"numDeriv","2016.8-1.1"
"oompaBase","3.2.9"
"openssl","2.0.2"
"openxlsx","4.2.5.2"
"optimParallel","1.0-2"
"optparse","1.7.3"
"org.Bt.eg.db","3.16.0"
"org.Hs.eg.db","3.16.0"
"orthopolynom","1.0-6.1"
"outliers","0.15"
"paletteer","1.5.0"
"palmerpenguins","0.1.1"
"palr","0.3.0"
"pals","1.7"
"parallel","4.2.0"
"parallelly","1.38.0"
"parallelMap","1.5.1"
"parameters","0.21.3"
"ParamHelpers","1.14.1"
"partitions","1.10-7"
"patchwork","1.2.0"
"pathview","1.38.0"
"pbapply","1.7-0"
"pbkrtest","0.5.1"
"pbmcapply","1.5.1"
"pcaMethods","1.90.0"
"pcaPP","2.0-3"
"pedigreemm","0.3-4"
"performance","0.10.8"
"permute","0.9-7"
"phangorn","2.12.1"
"pheatmap","1.0.12"
"philentropy","0.9.0"
"phytools","2.3-0"
"pillar","1.9.0"
"pinfsc50","1.3.0"
"pixmap","0.4-13"
"pkgbuild","1.3.1"
"pkgconfig","2.0.3"
"pkgdown","2.0.7"
"pkgload","1.3.2"
"pkgmaker","0.32.10"
"plogr","0.2.0"
"plotly","4.10.2"
"plotrix","3.8-4"
"plumber","1.2.2"
"plyr","1.8.8"
"PMCMRplus","1.9.10"
"png","0.1-8"
"polyclip","1.10-4"
"polynom","1.4-1"
"poorman","0.2.7"
"posterior","1.6.0"
"pracma","2.4.2"
"praise","1.0.0"
"preprocessCore","1.61.0"
"presto","1.0.0"
"prettyunits","1.1.1"
"princurve","2.1.6"
"prismatic","1.1.1"
"pROC","1.18.0"
"processx","3.8.0"
"prodlim","2019.11.13"
"profvis","0.3.7"
"progress","1.2.2"
"progressr","0.14.0"
"promises","1.2.0.1"
"proxy","0.4-27"
"proxyC","0.4.1"
"ps","1.7.2"
"pscl","1.5.5.1"
"psych","2.3.6"
"purrr","1.0.2"
"qap","0.1-2"
"qlcMatrix","0.9.7"
"qqman","0.1.9"
"quadprog","1.5-8"
"quantmod","0.4.26"
"quantreg","5.94"
"QuickJSR","1.2.2"
"qvalue","2.30.0"
"R.cache","0.16.0"
"R.matlab","3.7.0"
"R.methodsS3","1.8.2"
"R.oo","1.26.0"
"R.utils","2.12.3"
"R6","2.5.1"
"ragg","1.2.5"
"RandomFieldsUtils","0.6.6"
"randomForest","4.7-1.1"
"RANN","2.6.1"
"rappdirs","0.3.3"
"raster","3.5-21"
"RBGL","1.74.0"
"rbibutils","2.2.13"
"RcisTarget","1.18.2"
"rcmdcheck","1.4.0"
"RColorBrewer","1.1-3"
"Rcpp","1.0.13"
"RcppAnnoy","0.0.20"
"RcppArmadillo","0.12.2.0.0"
"RcppEigen","0.3.4.0.2"
"RcppGSL","0.3.13"
"RcppHNSW","0.4.1"
"RcppML","0.3.7"
"RcppNumerical","0.5-0"
"RcppParallel","5.1.6"
"RcppProgress","0.4.2"
"RcppTOML","0.2.2"
"RcppZiggurat","0.1.6"
"RCurl","1.98-1.6"
"Rdpack","2.4"
"reader","1.0.6"
"readr","2.1.4"
"readxl","1.4.2"
"recipes","1.0.4"
"registry","0.5-1"
"rematch","1.0.1"
"rematch2","2.1.2"
"remotes","2.5.0"
"reprex","2.0.2"
"reshape","0.8.9"
"reshape2","1.4.4"
"ResidualMatrix","1.8.0"
"restfulr","0.0.15"
"reticulate","1.25"
"rex","1.2.1"
"Rfast","2.1.0"
"rgeos","0.5-9"
"rgl","1.0.1"
"Rgraphviz","2.42.0"
"rhdf5","2.42.1"
"rhdf5filters","1.10.1"
"Rhdf5lib","1.20.0"
"RhpcBLASctl","0.23-42"
"Rhtslib","2.0.0"
"rjson","0.2.21"
"rlang","1.1.4"
"rliger","2.0.0"
"rlist","0.4.6.2"
"Rmagic","2.0.3"
"rmarkdown","2.20"
"rmeta","3.0"
"rmio","0.4.0"
"Rmpfr","0.9-5"
"RMTstat","0.3.1"
"rMVP","1.1.1"
"rngtools","1.5.2"
"robust","0.7-2"
"robustbase","0.99-0"
"ROCR","1.0-11"
"ROGUE","1.0"
"rootSolve","1.8.2.4"
"roxygen2","7.3.2"
"rpart","4.1.19"
"rprojroot","2.0.3"
"rrBLUP","4.6.2"
"rrcov","1.7-4"
"rsample","1.1.1"
"Rsamtools","2.14.0"
"RSpectra","0.16-1"
"RSQLite","2.3.1"
"rstan","2.32.6"
"rstantools","2.4.0"
"rstatix","0.7.2"
"rstudioapi","0.14"
"rsvd","1.0.5"
"rtracklayer","1.58.0"
"Rtsne","0.16"
"Rttf2pt1","1.3.12"
"RUnit","0.4.32"
"rversions","2.1.1"
"rvest","1.0.3"
"s2","1.1.1"
"S4Vectors","0.36.2"
"safe","3.38.0"
"sass","0.4.5"
"scAB","1.0.0"
"ScaledMatrix","1.6.0"
"scales","1.3.0"
"scater","1.26.1"
"scattermore","1.2"
"scatterpie","0.2.1"
"scatterplot3d","0.3-42"
"scCompReg","1.0.0"
"sccore","1.0.4"
"sceasy","0.0.7"
"SCENIC","1.3.1"
"scFunctions","0.0.0.9000"
"scico","1.4.0"
"Scissor","2.0.0"
"scMetabolism","0.2.1"
"SCopeLoomR","0.13.0"
"scPagwas","1.3.0"
"scran","1.26.2"
"sctransform","0.4.1"
"scuttle","1.8.4"
"segmented","2.1-0"
"selectr","0.4-2"
"seqinr","4.2-36"
"sessioninfo","1.2.2"
"sets","1.0-25"
"Seurat","4.3.0"
"SeuratDisk","0.0.0.9020"
"SeuratObject","4.1.3"
"SeuratWrappers","0.3.1"
"sf","1.0-7"
"shadowtext","0.1.2"
"shape","1.4.6"
"shiny","1.7.4"
"shinyjs","2.1.0"
"SingleCellExperiment","1.20.1"
"SingleR","2.0.0"
"singscore","1.19.1"
"sisal","0.48"
"sitmo","2.0.2"
"slam","0.1-50"
"slider","0.3.0"
"slingshot","2.7.0"
"smoof","1.6.0.3"
"sna","2.7-1"
"snakecase","0.11.1"
"snow","0.4-4"
"SnowballC","0.7.1"
"snowfall","1.84-6.3"
"snpStats","1.48.0"
"SOAR","0.99-11"
"sodium","1.3.2"
"softImpute","1.4-3"
"sourcetools","0.1.7-1"
"sp","2.1-4"
"spacesXYZ","1.3-0"
"spam","2.10-0"
"sparseinv","0.1.3"
"SparseM","1.81"
"sparseMatrixStats","1.10.0"
"sparsesvd","0.2-2"
"spatstat.data","3.0-1"
"spatstat.explore","3.2-1"
"spatstat.geom","3.2-1"
"spatstat.random","3.1-5"
"spatstat.sparse","3.0-1"
"spatstat.univar","3.0-1"
"spatstat.utils","3.1-0"
"spData","2.3.0"
"spdep","1.2-8"
"speedglm","0.3-5"
"SPIA","2.50.0"
"splines","4.2.0"
"splus2R","1.3-3"
"SQUAREM","2021.1"
"StanHeaders","2.32.9"
"starTracer","1.0.7.9000"
"statmod","1.5.0"
"statnet.common","4.9.0"
"stats","4.2.0"
"stats4","4.2.0"
"statsExpressions","1.5.3"
"stringdist","0.9.12"
"stringi","1.7.12"
"stringr","1.5.1"
"styler","1.9.0"
"SummarizedExperiment","1.28.0"
"SuppDists","1.1-9.7"
"survival","3.5-0"
"sva","3.46.0"
"svglite","2.1.2"
"svMisc","1.4.3"
"swagger","5.17.14.1"
"sys","3.4"
"systemfonts","1.0.4"
"tcltk","4.2.0"
"tensor","1.5"
"tensorA","0.36.2.1"
"terra","1.5-21"
"tester","0.1.7"
"testthat","3.1.6"
"textshaping","0.3.6"
"tibble","3.2.1"
"tidydr","0.0.5"
"tidygraph","1.2.3"
"tidyr","1.3.0"
"tidyselect","1.2.0"
"tidytree","0.4.5"
"tidyverse","1.3.1"
"timechange","0.2.0"
"timeDate","4022.108"
"tinytex","0.44"
"TOAST","1.12.0"
"tools","4.2.0"
"TrajectoryUtils","1.6.0"
"treeio","1.22.0"
"triebeard","0.4.1"
"truncnorm","1.0-8"
"TTR","0.24.4"
"tweenr","2.0.2"
"tzdb","0.3.0"
"units","0.8-2"
"UpSetR","1.4.0"
"urlchecker","1.0.1"
"urltools","1.7.3"
"usethis","2.1.6"
"utf8","1.2.2"
"utils","4.2.0"
"uuid","1.1-0"
"uwot","0.1.14"
"vcfR","1.15.0"
"vctrs","0.6.5"
"vegan","2.6-6.1"
"velocyto.R","0.6"
"VGAM","1.1-8"
"vipor","0.4.5"
"viridis","0.6.3"
"viridisLite","0.4.2"
"VISION","3.0.2"
"visNetwork","2.1.2"
"vroom","1.6.1"
"waldo","0.4.0"
"warp","0.2.0"
"webshot","0.5.4"
"webutils","1.2.2"
"wesanderson","0.3.7"
"WGCNA","1.71"
"whisker","0.4"
"withr","2.5.0"
"wk","0.7.3"
"wordspace","0.2-8"
"WriteXLS","6.4.0"
"WRS2","1.1-5"
"xfun","0.43"
"XML","3.99-0.14"
"xml2","1.3.3"
"xmlparsedata","1.0.5"
"xopen","1.0.0"
"xtable","1.8-4"
"xts","0.13.0"
"XVector","0.38.0"
"yaml","2.3.6"
"yulab.utils","0.1.0"
"zeallot","0.1.0"
"zip","2.2.0"
"zlibbioc","1.44.0"
"zoo","1.8-12"
